property_id,obs_depth_cm
7483783367,23.250667346535455
3781225000,26.11431618950262
4761895294,37.97730959283163
7436514223,13.877822429895367
800517812,39.82282245516489
4515737308,7.187927473097439
8508615176,70.76338804348181
9508703787,90.96497206690601
1267664078,64.2030275241376
4713844795,34.95578509961538
2502998844,92.00968234168236
4604218627,47.808543142949084
9289087649,50.39713255231647
4413984935,73.87322100359462
403767868,40.11896421193411
4392732106,43.56139329688542
6880477252,25.929742345668657
8371616025,12.547326690109069
6662490720,30.226272646109592
8070911431,62.09660615322108
2217851674,56.31100719476084
7294675300,45.896407021742064
4653536185,28.23762103962971
5226721786,75.2600175385893
1863522525,16.967183578524867
2204471348,31.628002146740883
8640283325,34.83668001587068
3094982681,23.205954447058833
5225932506,84.28122505480025
5082580102,27.854747953574826
4837778768,57.88068019950234
7570297888,9.209843794204502
7357052561,50.062702272941486
9096121034,28.82382815832977
4714998776,79.32544099135872
4030381056,45.8422692856581
1547173431,61.16010710531498
2928921279,43.11315003478392
3767513242,64.8802816856965
5660689310,56.27040720280166
4830522465,52.93942316473603
9198979608,49.165197383636304
4505341761,19.15242083576273
1925830285,21.79175219010134
7466607373,23.93827188146762
2698621815,158.89460647730587
2182545272,77.32747584687353
5872061374,24.422201654956346
2980410491,164.7057909698606
9459891719,254.56859145894163
8212444497,40.850511482715135
3093565929,27.485279716545897
4504810961,29.02693845113442
6506406453,23.27261245634758
2325258564,27.728450268810526
5703274222,28.468935873728313
7733941492,0.016307244205991722
4446649228,36.741790161190224
429343760,7.751299844985958
530601889,28.237427266695953
6216602814,33.66038259550854
4933761869,42.73376935451647
8319401682,55.04223760411864
9676444210,26.471064021762082
6276582158,46.77691591837101
6193925531,264.7533305923896
1177071801,76.02052378304407
2270328718,215.738602951159
3474558313,64.85394245171273
4300570273,57.606231814626476
3541525624,64.66614704948336
2060060500,30.60802038051788
9493510742,11.424694729979702
7394523124,55.38276864097605
7545300756,107.23168029065916
7931809574,83.80095249273168
6957619310,45.73327726641862
3270366085,149.71285470363495
7205827335,186.16195476297779
2755275025,250.49511798112934
4952087251,13.614669182141434
7421258013,47.33489979748747
9818284671,27.727778047734315
9247729677,31.259760269915674
6137187093,66.20739288868384
2240924864,27.096746681644763
6936927579,25.842199670889727
8783074799,74.1692175294541
3640470153,37.26269187647357
3290736612,21.29946695742183
1401095476,6.49631107708862
4469668965,29.26474518326907
9237854595,25.82922991969395
2778207779,56.50813173614578
9121863862,125.02193392345198
5159843321,19.37817922253445
148666946,27.373645484135604
9189727495,9.086900255294632
8519598406,69.15974460477273
3675735552,21.64520473925065
3501519351,29.64391003964127
2529862201,28.633740827884107
4926329266,43.68029895322891
2133678814,31.830243588652795
1755744564,34.400617359073074
9041623065,50.61794081161459
8551255926,85.83533485151698
4121800990,53.37585202326232
9266663389,36.51368603491443
944598240,33.52609330238343
7955205208,30.30299401009635
1036210410,35.7675069282007
8090368883,24.568112001296143
4855660157,61.45652985055074
9209613175,235.3276849234289
7593853060,32.41618695324538
5725014432,75.33693687589755
9801286559,14.489953234458607
6579376443,46.961610818857515
1447751507,26.67216071966516
3275454841,21.39099039591285
8453940490,78.63664299627521
9229639555,53.653605708904514
7456089604,36.546592859171014
7922608710,61.86729312940886
6317263588,69.39104860139534
6469199000,69.8883841335512
485984074,23.876923072718007
3835206848,39.81444804560084
9200489553,35.16569581477888
4298491688,18.738312098838744
3566396210,29.803267350908918
6762397189,92.94979625455639
6709588888,105.3113715621819
834598338,25.73207857016873
9178257787,26.164365239097684
8591189382,53.22016321778546
6355175541,35.61176920738719
6468907218,77.70125155546317
3253987225,30.462956392992137
2318471936,156.62271850512442
8151265059,73.24462560439422
2424897811,27.293575490525164
5519749139,87.85218224222942
2951135627,108.54897213051846
8423620804,21.09481380798927
1296921639,27.492824071952526
1079477682,90.64384109443972
4661338759,47.975382161726635
2723583945,103.314734711497
408103232,42.37185126261522
4555641378,17.22158868934268
6335799739,80.25698815916301
8553994454,65.05539493935399
8160136858,40.539802838143764
6664251910,15.999830620187808
2253039277,26.050115240710696
7880706730,27.900432891892716
6863167238,23.618514480380316
6314701807,79.08243806374738
1073631649,34.25660088217138
3529791788,0
2501445593,20.548910540771345
7137038977,32.60043618790759
9438384339,44.895881157805434
3881857589,19.882670513411718
7466200095,81.64418671410995
4491147758,8.34068120174261
8825288568,29.767852632934737
8272149898,12.590121995523093
4094842791,68.87819772147071
2168717194,53.686776664286754
1435575854,42.454585130997216
2248155311,19.83938646412225
9684483285,61.734261890449716
8441108127,109.76665116164418
5623292325,52.64389147478033
3143986578,25.478269437195866
1770579182,27.968657035996088
1292418126,79.8372352458399
3727122389,31.20060581111816
7103227677,22.93341077310627
7476605419,87.36705440149107
8547202417,52.77061367287415
6123762655,16.395781994206782
9221714976,79.46748340296442
126311055,47.067643845607364
1374329932,67.79138010465232
5276867854,36.079057630626735
8262672321,21.32814484117449
1708489914,22.561108343119937
8427314411,46.902658409768094
9702307562,31.45276957920169
2368158277,39.278999728124234
3481184727,43.65125367158636
1818161361,33.12372286654321
6734818961,71.05992450569022
1226276300,59.27894735941213
463641736,154.19143659570804
5914708207,90.06796391718248
9656222383,38.500881634271074
7857345773,19.55859966146536
1225218440,72.91111903447364
8206207979,15.905457354580056
8234114219,14.05868670109923
6618234021,12.6904283690589
4644014859,21.40495754412281
5801478291,29.4689123495225
4541279708,15.125008228600574
4628848084,24.374226822333032
5641080263,68.18920391966311
4327191426,11.445227093695618
8898674329,17.588050293632016
3282041542,34.91637716627926
6019527758,53.974297298289216
3966543021,104.8934304309065
6953535130,104.60680258419995
5632079804,102.8835862684283
4094888512,29.907858078314
920478095,7.320634703238291
7082259785,198.08451757462643
3297342006,37.75511133358265
4616460560,35.6025692301121
200522295,23.432625995737137
6513822838,42.010603882297765
5406348728,31.675018040017694
2081127607,18.921719726945184
5743694190,35.18972096977223
6967273695,97.32691307346737
1940868154,13.715644380708365
4854284728,47.64032827731947
9087108526,44.88872709848114
123846083,37.715935314244724
5339321397,9.968836954439338
538294071,189.6437540912074
2320765355,38.05075462992444
8249451268,18.288269538638655
5906335541,60.88297137377012
2325197990,64.73091547536325
1789652038,30.859928109481558
6388465448,69.69426774388342
2001824275,86.3102883993032
1272143481,18.696955134077577
1103575849,19.106113838265305
5301545651,46.57144216148969
4091045282,153.21829659470205
5728581210,78.74687653507412
398060926,16.32388416876198
211252040,64.11099952852207
4981323897,221.3489871151688
9052878163,46.337212060497166
5329338642,152.71983582224058
7269146614,18.123654662922895
7994138250,135.0041533628702
6346891209,88.70262362193381
2517656273,45.40198716052087
3423175498,31.17816348549969
4115666148,20.912570437342314
1686545688,37.82989672504997
2818935472,29.777748804762282
9469932934,39.10550675596049
9196262364,23.640502422165966
2264239676,50.53690182331684
8340684999,88.09041740469486
6217514546,18.753685539349622
6175295856,31.850564815980682
1640054872,58.46126163914307
104849721,85.17458646786578
2840102728,254.55510205335668
7033501936,20.909115379080383
5780147234,58.01674818930156
4104863613,31.29626732505367
3586982121,23.664994478255068
8079411781,18.627372157340865
5295458177,28.473962063216852
1978584887,29.97729674531904
9263943742,219.43954255459315
8666855132,246.50952054748788
3140350203,73.59192784532135
4852466018,57.70026141672404
6361072827,11.082037533047291
4246465828,95.0521425858392
8980780429,25.127904326586787
3074116652,107.31471072251306
176086942,14.497112721397864
3212874679,21.208714132341683
2145469228,20.254149569207694
3376227620,48.60239074389532
3842033753,149.15337274417894
2982096039,102.70619336376684
1796068746,18.73375288097636
3941708540,93.7864422441558
1973904237,34.98483994907235
9890621260,70.77786911509973
9347102689,76.34222939262665
2643289089,29.09017841228605
5296044032,51.05533677303899
4162101481,36.612357407869354
5231100796,27.041926583966497
7192711348,37.944516703741314
2160598217,12.299611147924331
4139665422,199.2462197151139
2052288205,16.2995536069234
7227317533,32.40301706244047
800049187,49.11753959490378
747437998,0
1517232766,90.28906362545345
7793472868,0
7277013473,2.2016583164413492
1737380172,62.05343222924411
3254636839,45.895690081465354
465113172,15.919074229278602
465641230,57.86849783367284
1132258722,32.54703953823114
6418876761,12.980508511904995
8276316886,49.04919519906435
9219740568,81.15498836408341
8120137900,38.32016568740559
5071481080,77.60905293073411
2213567070,91.1240527834803
4229077491,78.14081694546063
3367374999,21.95161237540701
6487488670,24.110650267651344
2179272538,0
2853875238,25.882483615020064
152247281,16.711967657438862
5754497895,34.0188703649826
6513653519,32.03738472708449
3963340022,117.48535258435705
6829767119,29.177512821636107
7515891635,35.34430544301661
701531749,71.44575858112394
5795723826,18.35936995473489
305657067,55.8639908924858
1427625341,251.06675842552897
4319971629,79.77523660056438
1379725406,57.5668592895402
911481768,49.54624985777558
3779841598,32.436703376175295
7729460450,20.359563088341584
8591498760,15.950944169030741
5229393350,38.41090485147981
3682425027,2.483445059706737
4264755380,56.321782287266295
4227521586,10.114440954929153
2151053424,28.2198148376321
369949306,37.90085427785386
5762390331,75.36964084804289
9014948828,21.145622836868583
9081636349,22.727103389116255
4685792640,76.18119903768753
7408278360,94.46875859317115
8066366553,16.010702012819433
1145554164,23.507771234960032
6039531844,226.93859349673585
2421017812,30.452010696817375
8018757534,34.41041153485501
5387808699,94.4171308826663
3057924215,16.08355965671806
468339284,30.044535407293683
3177919784,11.534927496662057
4470859995,63.2519914863323
938360629,35.589076982423705
8971605359,31.289856096119166
5726838282,17.001338206215227
6529793968,79.95697103084997
4910869662,71.88548668672352
1220165522,25.83338447163712
4253215156,28.061435804961555
4417585704,74.3863536378499
6152741755,19.92492511449891
3742443049,18.753454058514112
734786383,177.1456432557566
1902062669,29.67966730304755
5805538427,93.9282052558226
3888325427,73.44929518734675
4120824538,65.53984532048999
3668194946,92.82775722994238
5881767551,27.397514219641753
8917637938,28.8340978773236
6289916789,31.893423390819414
7530395715,21.965190486238612
7770879757,87.75801186643936
3973096517,58.537914501094214
7359233692,34.09483527246115
4717147403,48.544223646898374
5901467829,112.89404655892534
2191640676,4.712214581342106
8980026211,36.97140621181518
1988796091,25.941071738838055
6461625926,96.69377544717761
1164133380,39.96869910208086
7037365599,24.450632111890826
735752349,46.13962822458983
3435240921,70.41320256302515
2656105427,65.22703382664074
7089654034,8.678825495950807
130361750,10.47444021282759
6017606082,74.02160102423379
337027201,31.620652589089502
7376939148,166.24477475775203
3182963051,39.24140153363382
5758519735,0
6940126972,41.70255790887073
1821894577,51.63415432815282
5918443870,1.8961232053962949
3711473179,69.93730227860247
2748935334,22.642257770233073
6329413932,19.449676924261837
8826219940,23.419622097538284
5972313282,31.338814772732622
5499559883,18.842500541357573
285214172,28.555627314133233
6119657841,29.12528336247502
4379959124,21.41967727293335
1429088351,205.67519930109657
551340066,21.624357860736836
2773669044,32.88060307195907
5826879817,83.10528962145864
3050389288,79.7119960336864
1726611947,80.25744604267096
3628233414,63.351596720736396
1087427783,16.490288178266166
3355722438,60.615598043763384
5209165703,3.1474437248675122
2823421348,231.40357390976203
1995668721,44.416318975220975
3706713780,23.82030079198414
3357043900,25.832021788006077
7188515275,248.78221398671997
6185671706,34.559703021834956
2270065016,28.787149518696637
8060743522,81.08088225635399
1491595796,169.19561496999916
8229475013,33.43711991479185
7411930160,32.66074835827183
5596643952,78.24235158612463
9720670619,43.84231193148281
8418653016,94.99782448583555
4349077435,33.873350406546336
2199458989,78.88036014371433
1708244000,14.683485003702158
3442067795,33.59478761943825
3615338693,79.89706221697675
3321267798,208.14792032921815
7900031023,37.86469833485874
4531560846,95.98606469289028
2351429646,223.01632433497747
4278665551,96.57771232008858
4445291741,23.740837651884092
1452117355,247.16001064615793
9842203835,148.36430342294898
6584292912,86.99928951373859
8679463630,18.260352754528416
4368012947,29.175205942812532
5370290943,85.26538953641638
5877316728,26.257123988196025
207643574,84.81901720508458
9535863474,22.325863155016105
4830674591,65.17040639651671
6975807023,112.48577878426198
9458790682,30.383544726371852
2838251792,71.1252166944491
1070766253,75.72923217977765
3716685682,10.117651552585071
5665547954,97.48740415282627
5086822921,29.902932413903233
5349292555,176.8719201531225
130179437,17.788273920270772
2379920327,109.71132509958098
525088574,74.7747762536172
5021757649,29.319469573712684
5182685039,41.211499626492966
4928463170,48.927288399205494
5731266188,45.23048886151052
4451651965,15.287872481696917
2711405531,6.0858829283092994
1872008763,152.04117312638124
4345299258,23.642594007236326
1509968219,71.23043656370363
5695468979,40.987233198116584
2208638781,67.03874100667926
2258347336,12.332113823576972
3857279589,34.217863964263145
6019846021,28.391725358078933
1265361961,54.991443441934976
5017988171,32.86544300449703
3386373252,74.53022943001926
4577565927,30.6345405967575
3449675917,51.685736700405144
3985191067,208.87948332268445
3864870491,82.99620363814957
8901550111,3.523664368481174
950316248,17.772641043593076
8871417066,7.781172236361783
5301881918,28.109652902112153
4432275344,41.9326091417441
4648526048,18.42888555555148
9354049578,71.49035022201186
8979141685,27.877335468006347
4536660693,29.35523748966982
8136546265,30.187831164821798
7383092646,80.39363357958948
2882436611,8.722597195194485
1525421448,29.845899000947444
3604571891,46.42360792717072
4044678593,71.0983333298613
3159333459,19.602667444498916
1903633640,38.01041873597811
8149293777,44.25695807389652
7927743590,16.15600902906516
9259721123,107.43247569251366
6246209423,248.56729604940523
9648013041,59.98868768064418
899541801,20.210111152816467
4583611769,29.993297623681823
1538240339,34.11050111337292
3872573888,231.3060323467985
5141748023,226.55683321748847
2839819178,48.731834467542285
1655427793,2.9961203354183406
7902975367,56.49120786051674
3260456644,25.757748308931284
3444972804,35.29540479348791
9053287874,93.81395416249934
4315580843,138.41371796877593
4592093935,21.820457870387738
9146574337,24.406500116226155
4056007454,40.462212199056154
1615679240,92.58783366304475
9082508680,92.83456326668932
2057111925,46.26066553361844
2679323910,135.19180297380882
8827098583,43.808052466761815
1803354991,13.072519264885141
1318184919,17.256319084059953
5940446354,83.20624955151101
4497276943,26.69317530285222
7465839218,220.84396079626498
505957187,91.65731737495486
868289892,43.93999108259433
8601866182,49.647540807428655
1633030118,0.23594202218248128
690604085,6.131859640518012
5024994506,32.72248883241093
6336519252,53.10149947691064
8788242567,32.71731501471115
1552422914,21.181997267401147
5054622782,145.96152936862586
1998499369,30.790574944165577
8609438880,39.34788299039243
626468867,32.06450878462312
7122510349,32.38488545473364
9289983841,1.437581880116519
8344179162,183.91699240599638
6049211599,46.69336630545992
6440721392,69.13104972766918
8432174544,26.284942343124737
7853757972,88.39419206204897
5134470892,21.145269016675694
4269980646,26.568771341166382
2419406367,55.91043590286285
9769879926,125.52887820445278
3307853115,185.2297619418142
8522701863,21.686873963938904
2417126707,11.025488411511347
9009941980,21.42090945665733
8787133861,20.11868947814216
7762982024,175.1931476092448
2779939147,83.34671800614144
4278564353,25.63248042606743
5888159995,23.578936309304083
3271583934,13.790061925143345
913236649,28.672907360321904
2122235796,14.731400469074437
1772477551,28.011180625459055
2604454495,32.73398692702333
9264753614,63.65190564326441
3534595487,189.71007238429652
7019250179,25.304512033557998
7378024669,1.8301720842266143
5932189672,150.4609181787762
6356492755,81.21013627341705
1572386885,61.81899894521121
3732746211,24.882384815522176
7409274720,150.50199390158923
6029624051,81.27505845988419
8631703866,0
6121862568,15.30250519861845
7421182068,250.14021406937047
4038187717,25.197825579246803
3070906327,86.57485127308091
7005201216,41.117270419939324
7301978165,202.8740169556515
6276491417,65.97848512150094
3308308388,25.27968584079026
1307106229,40.79552888787524
6664960583,13.08639058832713
8933171959,64.43244185198625
2492322767,207.37865909223692
9537824848,84.42920209314549
5737613356,85.59180203917305
4629774790,168.56180776381504
3838054243,29.788405263135644
7930135917,85.75426665013232
6125510029,20.279882554543132
2695894833,24.793229945970797
1780673319,9.052707890400114
9215942875,28.059612855971423
7275642241,107.77020552374933
5666915583,30.04755122806623
3379715997,69.54753975165931
1110238004,23.27511468112252
5457408113,18.72328633183097
179841786,132.63430630186633
2416461302,40.00047041400493
7288954717,2.4630576388742416
1154337840,93.78147790185174
3534611896,7.008382733627247
9621461726,209.32409348210714
4078802516,77.3170461852372
6004495709,28.588159534389646
8422555072,142.2688354950471
6719129427,31.045612591354768
7865878419,21.087969664539123
8252496558,22.473062948690277
8830800647,47.542621279795036
7143938888,88.79294058805333
577825321,32.04800849647253
3692055367,219.44762070662446
3278947458,29.473585370575954
4154373677,12.814134146031915
2358567566,251.45578734433693
5475998868,27.408380885540126
3738991086,27.520672379810797
5297208559,56.84630632666299
2611403227,72.63243551824102
9778466595,27.064965648238683
3473435146,118.88378477958004
8944098527,40.241133135703485
9056658561,173.60527064359349
4736368657,57.491989603459984
6628559796,53.35045721934874
2648244296,7.894057405280556
8376973673,13.950062636106544
4848949766,77.0105575410574
195690837,41.51935164357335
2066494653,3.085814989730961
7702750773,264.9532608616196
7108594018,22.27131962195456
1828211714,69.4248468765375
888044759,57.1322498393835
876024312,26.140862101581078
5170644396,55.838449501040074
9133687031,63.03779259412967
1679539972,50.91052000379306
2556154794,31.00202494232386
1965815652,64.48014348137859
1565207827,17.42756226831071
2472788002,28.003148937826584
6523065643,21.39465565894347
4711659727,57.14660961348103
6424867634,25.594050050488207
5553443028,22.75118955086926
6493004822,9.507058932230844
9484187479,77.56213828949227
8183948388,94.35828800638622
4290115187,8.822610364559381
2659620037,17.696578620204484
313055777,182.02234136353377
6893390656,82.64437519596294
7528989067,62.478593593441346
2794960049,55.247025254496634
5349074288,78.61139933654808
2239067482,19.288359895853453
7623896253,19.301741684385455
9681921730,68.77516024326962
8401214151,38.05542000231952
6092183403,42.91766626133117
9005669669,34.79929435226647
7584902338,24.38284217459663
2505407850,50.030274786315005
3871498481,75.59509462106013
1450175176,63.401770684624765
4322638217,39.583162820930546
9303444247,38.677518667929625
611389724,35.02002709789223
2568015999,72.13039655048621
8136693134,254.43081536217966
3865061815,104.83577966735751
2944549916,63.18409813657361
9625389872,57.10313392400163
2407417323,56.10596537222943
1609518778,37.16448998219685
565222938,30.711280434850327
3965582377,64.33374840283793
3584180244,109.61225994183742
843619296,36.343606005897655
4395440275,86.67711006045363
4736820092,75.26506181747067
9361768829,26.370698188419162
2006013313,26.599208207580254
9619191022,98.20765327351538
6308334441,22.409132080954247
375204195,22.241767192688933
9404131091,74.06002337989018
2048655010,27.44868252726532
7650563980,70.10288634866178
4033733320,0
3942180346,34.87639999156852
8489375479,19.772001911850367
7932743310,39.502175605471216
4726780140,15.544161093891042
5062927745,71.91639203627602
3743249010,6.407762397844092
9299279579,21.405441844902764
9744248806,26.53513396956763
958373448,53.902797763276745
5578971478,42.74072119912478
6578273553,49.45323218484086
4681073245,31.843686275390233
7863967790,24.24318293402134
766291712,34.807409123315395
9379580462,48.2684367468398
2484860769,61.66511137840461
7546240255,66.63175635729438
4789561085,47.339097655460506
1670038432,25.38342467086835
3704471597,49.197521092535794
5793559684,12.5947015244979
814881909,22.147852465053003
3689006994,31.585349061247957
3715787303,196.55143924470642
4869068371,36.48605871107574
6401352616,27.71933684822236
4565502437,43.87996926606161
3277695444,18.76042690670871
4232963771,46.603528252617714
6882790665,192.2758146764125
2358074531,23.5130189030391
1815597674,46.09193578149218
6414252306,116.28350952746551
2044611306,35.20920784492946
2626129899,15.656844405911015
192668890,22.68456460398412
5791206940,27.81622744243355
4905545398,22.413894793955855
1107638411,58.77103823690149
2984384012,30.745471888504184
2168248931,21.624706414208667
752756423,53.993566480788154
7835738148,28.34211600003681
8477002376,32.148157949569296
3723221816,76.02852756855597
3211952194,34.24122311212133
936039669,85.80767983042132
7016137442,53.25993884736368
4198867973,74.58818874120499
3511445764,27.95742390178033
2116047109,86.75445515519634
3241803192,45.39180853358439
4631619234,27.288858661804095
5693495449,80.53242701856041
2925493242,82.09836750266435
2087856688,249.54889211898018
218836609,12.818496245219013
340456818,182.23235504173468
5427565769,12.64731369951656
1668795372,32.194991948853705
6280586599,52.60398222904567
4078281888,36.06408333433316
4743551782,56.21382481492438
9716520242,32.25577803528422
5750053842,49.50279590927314
5954617663,49.30600901679064
6046556113,17.319052602634496
4473376898,77.43420064067472
6172928828,199.14094041003236
5151863939,33.32235641386944
8545683822,54.575766275431256
7369483860,58.31146513895275
3204618207,37.94567918302425
7408066271,62.146020022754186
1172424931,96.6322391070117
6511097359,52.501614121115
7390581125,21.20075437854147
3562679001,109.39206026618913
129930927,43.845610865596285
3632966877,241.60412983267128
9823374550,21.113989070049424
149962215,49.946595866966064
5789541273,70.2216148499775
8294993724,17.695236362686998
7202887333,53.34812668278677
1472072554,24.359173501737697
9636596577,55.52641925056501
2751536971,29.35761614651927
7770547449,69.54438685144729
7236052363,29.723808206554224
278750170,29.4061917891684
1388252630,81.19911936655589
1287735752,77.7662648902652
7967981590,59.997025167355794
9342393167,76.30346684987502
6213287948,34.1050943339606
6762507047,70.10578280840762
2227558120,49.873015712977455
7730831854,5.988109936219029
1507410708,56.96187019595965
8495070757,73.80006243677707
3720561993,20.423896766828058
648582935,76.58589010097423
7589594298,226.59663561784416
5153015567,88.51233604989785
6687486187,38.67217011489855
5460324040,41.94568419888826
1844488462,96.3303793015005
3327949053,30.786417107298977
9614916243,54.36880346629135
5122933410,90.06902918086328
866263422,31.085539628744606
4957958105,230.56537318454107
1191884454,33.93024586990448
5564389219,23.637767882191945
9199168658,134.39013139464475
3927725024,25.099621889034204
3466395387,20.525056641947337
1431207544,1.7832561905877071
9774866917,20.06421239541586
105083746,37.60120060206519
7430129605,172.52515097595764
1160030709,46.25605612383808
1795599254,83.38881262819899
629767583,83.70055456722747
6401935440,91.84031801688596
4586137583,109.59043652285963
6541001276,48.84311138769136
3812789737,36.395942739327076
7169756822,157.07297668163488
7565132516,30.172263016544505
3197192208,253.78647270457907
1820054053,53.17776949021585
4128439820,76.7502800406281
7789563115,7.162739346482205
2516725896,228.04668336279758
8697665933,41.4144827319466
8103006509,68.92488698987124
7536496599,255.90794780686284
7610854047,36.554512170370415
2915038022,86.63546378699216
923944267,83.9497385145882
8104758230,41.05841214562849
2336057795,30.56615787304338
6382199079,10.618503145875277
6623784264,14.497569466989294
8031817962,39.394054870058405
6255507172,66.60934717025393
8325595415,45.273414093668826
2161261088,35.56419682136148
6411939121,26.812506125555274
2640221638,21.78013203387827
8594279392,29.250773232270046
9158347415,26.67274846224965
1323227174,29.745614363527658
1786592018,136.3347091641155
2089599596,16.916027955454098
7730921208,54.889784530015135
7333478484,61.23432006720566
2171309617,28.52602199099871
5355649528,23.578723627459485
4126771394,34.54435844599105
6406852761,26.189369198894305
7855867256,8.660346915188216
1397774201,72.9078192041672
3034347652,166.76291366166149
5448310588,67.70302363922922
2863121858,35.787177937123786
7810876059,124.58852583263923
9553941498,26.839642781920205
4557807238,11.972476395251498
6238326537,119.43907252029979
5625830014,88.87589051117048
9562063504,181.86132351793688
8025984231,41.29274755783088
2353787995,22.43345260373676
4368868736,23.847715760138826
688510180,21.33158151780215
3510173189,14.960921621975697
7200580507,84.09594433668269
9135108425,3.0142198831874074
9875341051,78.92762077110118
6674380500,70.94038896776692
9363363365,37.19796907594821
8904146161,31.526581676758404
8044998383,14.260067346109592
8060466869,15.756216681644894
2404538164,3.217654418063667
7751280021,176.75344977353993
9353656539,232.22204331469027
5668087199,40.150994029220875
3862102356,135.25360477488067
9737503931,32.92113994340177
3728588900,38.618451488716175
4810788919,25.95971300876482
2817997693,15.359416877282037
9543609127,38.86675078489678
1113495255,54.55139041709982
9349689302,75.68677011433438
5043085212,56.037844538488805
7087238751,170.68469016910095
4933795618,48.784019848607635
4601460176,25.777951987861144
7876653114,29.409099165051423
9436686488,13.946881086238594
5873436713,147.8862783737203
3438960603,31.633078311795487
553029208,8.865134032376595
325343419,48.70874983494009
6629073576,16.660075338797064
1544353426,18.883574382113757
3291172501,0
198762958,26.006647575592865
1707622336,32.206419077365105
3875303257,6.764393739264796
2950354599,16.56932246417827
4262528607,39.257787974607886
2474524782,6.381500955015047
406336503,30.269382614315386
2594709175,5.014901522685471
3920692703,30.697136728650026
4838840420,68.13291174544449
6677109602,16.27986092221399
7322682346,27.62328378417954
5342527476,76.87576341533683
5835114429,30.63039578612465
9153247775,242.39919385487246
6457548348,22.41722318949663
2126548849,46.92344509606947
1965361397,52.85509754419864
3782958579,31.370650052216096
8995570624,37.52206338015341
6755295669,121.18800697505492
7969303788,25.875345938485605
6208960966,23.17924112169569
1657736415,51.509280472401166
6208629012,16.056377028701725
5822449327,7.699778344509996
8974291389,92.9406122059159
5754157101,8.318426879623038
526408624,87.05273864478504
4498059183,91.67355819384689
7635330785,67.3147913077121
7700858584,32.92591590057978
9717927695,13.219272037577028
4623579066,37.7397496692488
7741136940,14.251172868550816
3047861131,21.056379031278368
5973632691,23.557074227030988
2965958128,33.55012143368326
922008949,9.46826371806323
8456478510,11.203728987348555
1893041041,72.93813978926265
9375972862,43.27234884622965
896428279,37.33569657868427
7783370119,35.666535843256455
8834072364,11.640853947478925
6656904738,26.597870798282575
2412386735,49.58921184137417
1080012308,60.47163237174421
6213606142,29.075663148078455
5487797542,32.08410049827204
1933277996,111.95318820696453
9412255613,179.5968828519606
5126228023,73.46939614476088
4090069152,20.605907756516196
7897018977,58.67065784569021
2354622268,61.12967515878953
2406962573,17.96430200710101
4671272334,0
6559374427,7.8153457149909356
2102740868,6.069365649704059
6271861415,177.2754709303347
3183723554,43.741148628478435
9281950626,18.18808806227657
1086628126,17.136274252865537
2958514251,34.24603514664324
2571540356,24.076933966045466
6564957017,130.75259860814035
1814778290,138.38918786551673
3332374433,8.699929222122192
8802206664,12.945519989128641
8108659768,24.89760172577487
3621044645,87.35947273892283
5102177793,53.04800672731448
819789937,34.11792838672179
4074783032,10.55990845191002
9018341848,70.03543233907322
9859032022,28.32604874842386
1114163884,26.118484131263056
1717654962,81.67472832433414
3603459213,16.58908877715413
2210831457,9.756902041462771
3313334287,32.05599453087342
1437870176,72.69864045334295
3844743378,47.75537704558313
9710459038,69.23957723279968
8725975151,86.26073789910333
260019457,35.780779589208606
1834106884,48.4383352105459
3778121498,161.4742032255344
3158519072,117.35415508552236
4547371393,65.20654739317999
5226919160,35.165865621101695
9332808304,18.89135501767286
7318910308,21.22303814946465
9514384438,75.56783580162104
2996577105,229.86083933904467
6533267843,30.924587725986903
5135899625,7.723580582382844
4274057929,22.363607986869432
866484192,51.82816664738774
3831303017,229.351894841513
6816813312,21.990107137914883
1695457451,72.8125739110259
1735352812,30.267378172445813
6484742678,82.93446582242984
4562009165,37.32193059450584
5826949716,23.42913256706664
8964492973,25.85600717645364
223326831,212.87603138036133
7855783435,63.3578100889417
3594626130,30.00964735680074
3227151000,20.01257992089033
7471488733,10.10543575843472
956232700,14.154828060925349
1173959735,29.628425524147683
214951075,122.42837824797948
311105707,14.246597117593248
2461824718,26.065442173385946
1964710432,258.5790195963223
7375646482,36.169186135528285
1170424668,33.707026208972174
1722337012,75.46577013812959
913649253,38.731890291256676
4726698941,81.12709598110534
4063326217,38.37053926835115
1976317586,32.836089964812246
6691400228,25.455617937889613
4108745508,87.35649216198469
2691478281,16.37551048334226
717201383,243.12536507641946
8398584985,59.963366743501155
5350719442,40.727589539889834
2706235223,73.6533491477676
2101423058,25.008818362740755
2124704925,95.68665280863956
4804779080,22.777503914358345
7188527406,9.57153430274762
9172658039,28.025951896037
1188061388,64.71430591712263
7164275159,220.50034029169655
3151397038,16.67884040345514
7234023700,23.358753538787862
8722701977,40.13808811315885
5456494631,29.85940322720046
4271367945,32.4587791895945
7333752496,37.245694605647195
1847798687,30.41598515753621
8682992853,49.53789105257645
3587653234,66.21146328128798
4469521896,26.986131782231112
8063635507,91.23640335682198
1889462529,71.9211426073937
3410119478,20.062774946332517
213093512,80.98461709249233
8490963924,41.091213019074154
2549103208,24.747584683095766
9252914103,80.76921545124638
9603620424,37.38227585008873
9361126973,84.31921892879404
7377022003,15.821914294992606
7548512859,0
6690019807,255.82274499800906
2714572397,42.935687077994494
6379046148,24.20097241362171
2134535969,49.279919165540726
718182085,28.921986588608142
8487518898,31.07262730328806
595127912,0
2637921531,97.34488951384995
1161754383,29.003812889517572
2900148637,41.55759711483067
7958596281,213.78849944360522
3706960315,72.73107220781407
355623662,32.208893145892915
8156787828,70.13902990742739
9787118324,22.162503448887875
971603538,26.78326599109561
6353826979,31.273772461872237
664545567,224.68125472838952
7891609464,80.56456734179343
7708135772,245.00099470882708
7832588492,80.71053474383037
2749644013,27.550524894639555
4673853716,48.665161540391225
6058429099,15.404211204938786
5618713410,32.434449245339124
7471884378,27.067207200571588
6463529069,59.40199743687353
3697763866,32.66076951404637
8189015124,2.136777165780833
1841041553,20.160661400236588
7838248861,72.4882337868326
6131724895,77.11181252537659
5623028786,81.00971219432031
7049349360,78.32373301687238
7058350638,43.91568600836721
522177148,24.55782442562697
5505401605,73.39153884762528
2931064160,65.85800101337657
870795558,40.180964658049376
8533095730,130.21493463378354
156790685,20.984438983506777
484770059,29.831664805890952
3566753401,23.433755339051046
8850635276,52.098741301146475
560017911,13.7677299149034
9437460132,17.287805141166615
486024656,33.54385427378939
9604304339,60.980807924696265
382950463,22.228337324684894
4343495270,138.5183332833328
224754496,58.60405044372661
8818364971,53.951653856461775
8321797775,95.9415311793566
2777616643,39.54000555760535
3349288618,28.15105557037309
2764162842,12.001583685723576
3105886045,114.00524279942987
3116576410,76.36945061108901
5176941576,28.837742165674367
5730494894,22.998873515416385
3922871193,29.205561465405633
2959397199,235.99732333425393
7168224063,114.45170238580873
8185107014,48.64822386657854
3944365070,87.46164742283828
8542552953,164.61499948223374
208366833,41.82549024350901
7470439187,79.61956683760788
1973219045,43.636833516338854
9484094513,28.15704951801901
4165244085,196.9971250541166
555467148,16.419876008152595
2309753049,19.84323892767044
6772677795,70.08392170714866
3947399778,96.49932077900526
8239075766,36.130187053019526
1999478143,34.00549524741207
8860502403,27.68072484542225
6819190262,24.534885423625244
9316501399,85.23317704867058
1429520397,60.33342341966174
4770965473,24.422868603941268
2773764171,26.991533911168958
1647588411,0
1289334045,39.03668756053973
3700657022,79.60641420347214
112660210,14.16010767330337
7639742252,81.54092272090817
1813502070,26.76245262044164
6720601453,13.277852918357237
7479750441,31.270244854914033
5227781060,31.390253420624667
5791229262,25.088219897705567
7448614744,20.83214797296535
9562560913,23.369084868963387
4320503349,28.952363059979078
5269637748,34.542303501029615
5049830798,48.94194768895724
1116847991,40.85371432211919
5017921103,9.453961596086002
667391018,54.44867091719523
5954627095,37.635234335534804
5039180654,96.03646882633352
1134601229,24.8652631771975
7800565930,0
9260855556,59.728617115481626
1093181820,40.26736535421061
2834482614,22.81695818569498
4787987871,127.60179976247522
8983651385,16.04713569011654
2990995093,253.65585085250473
8537703711,22.357675802864193
8586375245,135.53429065842303
8637497132,18.981975913560976
6730580504,22.574553359806025
9870847272,77.41362954868701
1812298698,77.18682480346953
7384495300,72.94009385532321
5578971293,17.09174854806185
1538039646,46.09610071519094
7177447567,29.946564495288172
4940651094,31.12554542989346
6037510824,10.579409810986974
3173340419,24.15841995117282
8646860452,45.3504049492755
1658430653,78.03055278306026
4262934183,23.48121863831872
7139790530,224.01994097069283
4165101296,38.94489308734627
1690773261,12.152551783511566
6070091199,34.739658748788834
5356789441,122.56995721747786
8133087862,30.98841475059272
1195642751,19.95585757947051
168418706,37.554503152749085
4523147214,78.3127519736343
3204085959,58.916417002147355
5541587826,10.955768013226972
4322924338,116.38361198577769
3940916768,63.99655386879641
6748509501,60.08508724868804
4857588013,43.01653070723276
3389994424,52.7934662625191
5027412423,69.1733973610136
3377553346,39.76914026214379
5902575624,60.069364131440054
7627482953,10.412961297127191
8647957370,36.03749091821713
7069295001,1.381787810742717
3353434205,26.34128228886864
652676583,27.84774043055417
4414831234,32.259944739191816
2027576269,25.90077149638632
3973725618,52.87220440367178
6276245486,15.660032285050935
3703012486,30.020067289197296
2051701755,73.42205803016657
5432350882,34.498735207380804
2504752009,20.483960569381935
8252361892,20.213946984230418
3064632149,10.776482527851098
4048918450,37.102761318388204
830887282,34.68175565314247
162302080,141.31844601985162
1294011705,27.88570484330734
8952049802,104.58960697802948
6158888845,38.16097827465637
665945316,31.6155558423712
2283824649,140.40730215364496
2131878228,33.25590842247739
8599248148,32.19012664144442
4312730865,245.363122987392
4869023624,52.77874673328566
7169834581,63.12321946881243
2690928176,61.548317231934796
9765881147,47.89655351134618
3158484430,29.427884566185845
1889205538,30.582343829621397
1661253244,48.11328895292979
8118052021,53.92065855470169
7428591272,57.56804019434283
2159234872,89.12306608756673
3256985216,42.41941892184067
2706909094,50.17377202270603
1120905346,16.934394766879368
4883813274,74.08108870284609
5864293390,145.04055991451634
1653811442,21.219649085701736
2985344900,0
3329497270,255.8744720796444
6899003402,20.857265207203653
4820802243,13.826225584181811
2004884737,19.348311976826192
1878829463,64.95941700220719
3513523456,21.200525530302155
5312451984,29.90515810173283
3806869702,78.55244746917462
5142911662,37.58377520048589
7693036969,34.757823283054634
2506217725,34.07615582658246
845433501,25.593018911255335
4343248331,29.552029742651587
1484227094,35.93192315566514
6824723827,47.819934989339146
3157066257,74.84436767753871
5091075642,34.09659359763817
7167944567,23.424560865646082
2967827938,46.08602972458671
7878974872,58.67294662642893
3841220119,60.05686312959621
2381757851,74.08353637272367
9138500074,30.70553920361182
3784568661,42.870080895034754
9845103270,10.525572110834045
5749155393,24.157951702865724
9604140408,40.834864053999816
7796898818,5.4016602460991106
9660436171,57.90833358700241
3908462419,44.25054455887509
7173157519,53.746038930229325
2359204735,241.79845408222548
7550232656,48.79759566041766
1951714403,25.221817861643242
7625059934,50.9041531089647
5962439586,59.846258650862694
2913073195,48.0309576945413
9508663457,31.642476183596663
6936861012,23.531317098930792
2503426891,15.745904222109663
531840010,92.64557196733642
7511595791,101.6374380244161
3332270304,184.8251777991489
4839499555,235.4617664643166
2392996580,39.73096815854631
7345548830,8.848961226112053
7019018101,34.76129079438809
3688310266,66.97084209723718
5786851753,145.30023612504803
3001869007,18.205209811949167
6066202422,17.513136496128187
2340999078,22.968404059397635
6793450564,30.642909572888307
7650074345,82.93966508849576
5094249577,22.625242726770882
8589379299,99.71816909043471
8738448328,24.44915976259394
673808154,40.01181145843431
996930797,21.1102989736449
5978687051,19.346748011853844
9774196255,40.05975178223598
9217145320,0
2152942482,57.981142753125894
9133716300,52.7424049531653
696522702,228.32074397908303
2853184461,37.19102046432075
6964190438,91.69517080988065
6538171803,67.82060055753297
6598054516,19.785127528226965
565727928,23.566885595830993
780886163,30.677964478831864
5087316850,23.412298341840607
9799994952,29.78818009192665
5662568949,40.828114139877975
3201054474,23.91907597831362
2883388623,24.206284326046372
1890179964,63.66719327996108
5413274010,71.39307126269026
9281781039,33.56048066792232
3740337291,20.60083518768618
5742690528,71.93156397311157
5324156192,78.61578892882886
7599027428,28.21346959828012
170816421,14.362588528727729
9069954943,36.90840982202106
5713203801,24.233516334207845
5645012785,79.85648553894879
2964660495,97.71247410510173
6925923404,242.992569922667
1630603813,88.9402195968922
541889187,37.572377867116344
7192288539,10.054337287013613
6138411110,0
5379774516,33.70361101356747
2819821513,72.7076759874984
9070273368,72.44419230645741
3938565696,34.87559212610128
7610876271,158.1119479854528
9415035725,20.341038910877195
2902675771,63.15382337254956
2553468810,52.708152920827956
8449264060,53.204925370397035
6527842514,95.93257135202873
6445505161,46.681706544665104
7194993368,51.91119358318235
9375434835,23.016328742010103
7567844484,18.640720078180593
4933367937,171.68108875356552
2688386940,101.46193498767167
5962387059,27.622226718257
2831740551,76.05621981438348
6040327116,56.506019273255994
7541669987,48.635771080488425
6632754283,69.77117333438753
3173098399,22.410549375914037
4030565231,266.7060605746864
2510297697,15.454106676318208
7204347503,62.71836601877128
9125370774,19.255905269931624
7296735232,10.176440572435947
7952974516,61.91619426545097
7719184642,26.894436751289632
4034018934,13.31400988834553
8413513928,33.68928207899506
9469775477,82.03816932103865
1414639854,26.46749290531816
8649406363,74.31738772189051
7338063008,12.626891055620437
7990687267,59.487323345994916
4573984719,41.11310537077502
6218222624,60.82599200286734
5734255117,90.12401487614586
349542052,29.091352299890094
2003720975,86.93745654806982
9425559754,5.384450669776852
3733472042,120.59507057598945
9397839029,24.08728307153723
7375068090,74.8163651310642
2052148459,21.816804394154147
4557357916,28.73880496372642
8776263096,23.020497093662815
6727338828,245.86388796103023
2018698984,89.65108287151257
9634444460,85.44585232485312
7663040899,76.6268283819494
9170594247,54.83473716214572
2249704514,68.74831940435956
5128493047,37.9894043330968
2422987279,7.164979176077491
2662101170,30.264368992888272
9656869650,32.07307993226665
7709172835,27.729411403922057
2656335802,32.655973764761114
5521257716,32.527314212536645
2962816488,28.413063378546855
5502972952,38.88455573788768
6264579087,48.3551269843947
2621485015,34.93686337418192
5131802853,69.93451379104799
6512693183,141.83694596268342
3991757729,43.812378300240425
4298575974,16.6312266027064
1041149110,56.337869376285134
6803752538,10.155218822201103
3284219390,74.92510811367158
3583641849,76.96285015900148
9883484868,63.0087738970873
2908681192,79.49250060697001
4970919839,86.99154853229484
8206904571,31.562480968693478
986872232,63.09523319276196
651663086,82.98527681780558
1622778098,33.01182387105308
5340589159,15.427522176323187
3883328154,13.688897392439019
415339407,34.15428807734875
1189512003,17.318716635184064
241568368,36.062891907103406
6581524140,31.063152797929558
4860907721,19.553071540939143
9253332173,14.837511985390009
6936420067,64.53823962515511
2189844583,18.744053324445726
7360765390,20.802348255190374
4790975695,31.334040581434923
443475968,144.33677201875457
9509875483,105.7903913575493
675185602,194.84683619267605
1474182450,37.519078681298055
4132824397,52.13838845095998
8364483237,15.07330334984259
7505461861,145.69020316804105
3261113611,87.25093843116662
4772690360,37.099690304207726
5808147413,27.65718549160552
7211650700,58.78235506102798
4780060208,36.876137828769885
9754621519,56.26963536916823
7648647708,261.19552851604925
6445282115,19.84295532712068
3606952012,69.04526614266956
5231001291,45.33688615995793
8500412852,33.51022062744603
9321150121,119.4037790887102
8160040623,115.86382372344403
2513101531,217.2557575215113
3847802883,76.92625245377549
1161631395,39.91534478006407
5931154551,41.01599401690574
2380273729,43.210925088623554
2793257243,55.211876755009705
7831481379,25.11974990283518
9124766512,49.39003078883388
8077123014,82.112086444755
5208259516,7.83271312848005
3491653502,35.90775441137537
2322775520,57.718624713453465
2792808261,24.088956365355166
6554829710,25.483296705462116
4795844924,16.350253529887397
9335489858,31.50793645058156
1490343054,198.07789827362643
5505295415,15.769118631305355
4654253772,103.42525488263131
5106555990,26.57660078884791
7731564868,23.800923581081637
334683896,27.29602544790615
9440954717,71.6607159528613
3590329145,20.642717656507692
468495257,32.69273345828219
5274897828,39.02852486058105
1949779766,81.60592589092911
984575255,57.12323026137848
1226250045,25.147565571359415
827428156,73.84763602481964
4138242885,245.50156390289686
5669090624,53.84874538858392
4572208267,21.53024449476035
4407393964,50.26983557009144
7926242951,23.04398590462305
3331395808,37.44000748413147
4910534175,43.556439502479165
9681380579,62.648463881175466
7654419781,120.25997542586592
2648531601,34.108292320634874
207171495,23.01639280970005
9612800110,40.81821422771204
1477821491,72.58995243942925
3284602049,27.265405279169624
9698305384,13.752261778622795
3953067965,39.79590871827215
446963268,100.81043570134582
8499672059,83.67839587176543
6365079896,0
6970321814,39.29246204661219
6632852928,66.1520057685895
1977027323,217.35852139500898
7075666607,34.95542109951569
3238426277,24.766513037984456
3911832998,30.432771133105437
5035765431,110.51228911403444
3437815156,77.21719795960959
6172133805,181.26454893041276
2619973800,168.80138302894244
5625533988,38.93227903138847
9155281245,82.85924649391399
8080651436,60.349511918214105
3772145029,48.30437542959647
5814138947,35.6968940713271
3253596134,87.09303793183429
8095166284,32.413958066888256
2785812856,13.978179678105668
4125504444,49.38394822182908
1204467233,76.43208618711348
6858662292,21.62621447305449
6622909026,48.44886988384072
7370670006,49.75737463709716
8531621387,60.54907529791788
5780367858,15.36445567417667
394317811,78.85070783416377
2295834227,24.904912051882278
2953494364,17.84591854400287
9879462441,3.5865350525231827
1470800835,23.97464065966367
685151330,135.02624666358784
6920727086,0
4435196410,19.815322127613854
7635413302,36.563535394969776
2399445874,233.61324493120156
1487954324,28.571929815981782
6945634534,0
4763711465,82.40190138012434
2731144602,44.70796149859299
1574274649,174.47716579655867
7067535530,90.97924735493041
8289380853,21.057980002706408
4427354626,33.52922038139702
2148269157,207.9565274195161
6210432805,23.8221010082719
6487813168,34.08097863743457
8828325330,138.64511474647463
9453779569,35.646180586304794
4851078228,78.35487945230763
349023030,205.69339389323383
1234215699,34.817711374082236
6505136919,39.897865793530755
4481540338,83.06196635885694
7338319370,38.307864410260215
9599635437,36.162289990031105
7678340002,29.203176693926377
3331853263,9.577581335577099
9739087235,39.51066518014974
6544673823,25.900804097473856
9632536910,58.84961107269978
9086332100,19.58466998682232
2400002983,81.90452162040327
553571453,18.18205818545269
1320521101,14.022724484386293
9805366837,0
2578881904,35.89024556648715
9890353673,52.66850472709978
8421387401,21.549726494051953
8474783292,31.824298136532633
7197809374,72.66765804676085
7121508668,64.51833186109181
456536863,38.32867639000641
784396961,212.87657991894415
9859209928,27.436651176055516
5458850556,27.735190959731682
7346086951,30.556402606147874
901474517,71.21416390812489
8062391195,27.144947687013783
4302685384,9.644999826447707
9618438964,21.551468879107443
2053261082,44.76622523022925
242177848,26.9287849959275
4969832602,41.89170145810107
5537722784,24.961315661137508
9562041309,62.24823345651966
747922900,59.552998456488076
7649285968,24.030332807072764
9517753679,23.778985664170534
3995628756,40.3735432253004
6630488395,186.3094315544844
6234810247,5.1742110289197045
2113953388,46.54244097759157
5379881121,23.3878393304719
2233486842,35.01083640196239
9594018744,45.523193256506055
9852824044,4.0564910538040415
8927641598,59.833341390198
8568306668,35.06709523528501
2668930215,29.075715885608005
197428558,56.119887263064506
3053830974,16.449299097987897
9298664321,25.659854220913793
7765558550,53.99317074357868
4593672967,18.764707070277055
2753422269,46.91606546975633
9010730268,61.880239493222454
8216060370,40.957798002077695
6772937910,44.68766628532631
2479552163,29.707921873893163
8218499582,28.208922796967258
2041625599,29.64254261551078
4847736940,53.435745650683856
3354089617,28.097892063773923
9391116277,220.65281743934997
7039704183,98.95798267520799
2499690528,18.427972713702715
7481144820,43.19091319608676
9312634160,20.397112814402732
4861720479,17.063642917507117
7180785989,91.68358779053867
8071136599,18.925831841338596
3177985797,34.16357877962277
6869666551,39.50449218176147
8522022667,39.300448785903235
475946504,15.150327558723093
9487311434,55.12368039801595
3439989067,46.07355529478721
5421158253,24.3847121048515
6095140547,32.16265814463544
4305403616,17.875821355474507
5324259730,22.56190062486368
9534218412,60.98081665844145
9685883897,35.52252423985256
4286434602,17.708043984517293
4086310971,24.709331214099038
2223565667,72.92025800868056
2874410586,44.87467877506745
4665717771,39.31113985483144
5684142451,17.853012509792606
6307747702,245.13025872565316
3842762002,35.35571290417875
5738482003,80.74305179879117
4872235157,75.01377311985638
6696782399,32.9271303466588
3677851088,72.48491481460255
4742237038,14.74997323895792
3016433279,32.04843214233193
2300452033,24.7679542267026
4363107637,33.59058356067045
9417175517,33.67394504022965
2654742448,75.299074993749
9588161644,242.21719901408795
3637334665,220.62324300848462
7486228788,68.54015097720087
753310403,67.4605814885375
9746750204,45.749320698323444
5266085584,51.415881550214905
897230694,9.97903686732293
3288043564,75.6573203149991
349625347,99.92943474741844
2603821212,12.162023863159444
4411917848,18.945621731088874
6920874780,28.086424027943885
3988401380,66.7913827456316
6491607916,19.831624651354613
3586018841,93.93894015724368
8958197710,66.64072051539708
9131550690,37.19864599835268
4097340237,17.86831499467391
1889554983,33.73697117676184
8370911857,59.98585055092648
1338804871,62.51232054146555
9038694771,236.81139672834428
7535626213,222.12933645613236
5946359350,82.23090510467492
7792845334,37.666328138124854
1890349064,61.90092877954204
4574902285,45.47302614137621
4512485972,73.43878701628695
9685656578,60.89940851823851
5157006000,36.52246596946171
4325835703,11.150663379723998
7822428123,82.03193840996045
8636356605,59.84399642407687
4331587982,56.839437973617585
362124241,55.874365107528185
8013102142,31.716063124946256
6834820796,56.45732911800266
4079482472,22.411441483805397
9008482391,20.21791818204139
1701690806,22.891195516399975
8072922041,20.8335966659317
2212121681,72.97696923433861
6246722729,15.529988796695898
1422701723,30.69999506186338
1500090698,17.532885221886527
3583109542,67.9504659412646
2786130354,17.583897623968134
8408947065,36.31923335533014
6294148872,68.03614114981798
236811092,40.197125676161036
1628255185,31.517331997351953
1885303346,24.92237725633225
953082404,14.055392726980003
9564795299,93.59927651212871
8244826523,65.47682976863291
3402679855,25.82721657310046
7485965811,64.36061875985523
3975487310,30.942253872776483
139671139,16.892049962254095
8545019501,88.85583903310342
2070817954,33.54403052952109
2535442117,55.686152785341626
2177410309,30.590748121124964
8827033976,62.087963937896234
200135121,25.397458366246816
1566819270,28.303575128805328
7816215351,90.0257254305742
7327704426,62.67161088249979
8890412846,62.93436557991572
2010565305,33.19033824152655
5384264295,23.427403610182594
4656552355,37.368613987112795
1497047573,74.29266568571333
737412016,91.02396395366345
683515168,17.385712082998015
1845007294,79.1915926193725
5333707905,19.317608612754107
3132206358,37.279488543392915
9046192254,21.911533329152444
6562140643,178.1170945782631
2652237594,46.93649216095704
4035055204,101.68322476896748
8813345760,50.28746605026263
4334267114,71.70009265075176
819295101,36.12203629811506
6346698096,21.992547781511792
6825215560,61.91904813666908
3952381922,38.256216857513735
6754150914,9.60352784619606
1560845470,30.64294988888328
8852158049,34.83071537238061
7803770244,33.12818745452379
8770506613,72.05061582161449
3233742435,194.0070052309385
5512775078,35.829027812220446
5571706076,30.65074148432617
6381799325,162.52151668952587
1315694229,91.84133336629394
497984008,12.652911370911662
371798170,26.962911928387264
9595430731,51.831834468033414
7920381925,26.824942553640447
6007615579,38.80363244845942
7904423806,227.65303572147673
5335080720,17.399287867416927
7273935869,17.542247586544093
1321681364,41.52429109617775
3946267149,69.53958264282844
3102173600,28.81980321638844
2880293726,31.768787375482454
4062915196,26.021230644527208
4416862890,98.38887659086129
3273382457,89.26183443829458
1965264133,25.61317835429676
9803159248,41.356248759924675
4322019456,33.436626409797114
2867909324,37.58659335178237
9756566872,20.877060277811267
8735669737,24.372369878008108
2473168538,35.70301112231424
4779928121,30.270626803913224
5573179971,31.034283537477027
7959476531,83.33787865843502
4814047035,196.45604322897842
7287118717,31.62968077515445
8578468141,35.31097667101919
3131544609,79.51051256722072
9121922525,17.449131205391936
493276760,42.50845643241391
8221127688,17.942454437437355
4398760794,79.31353622507979
9813686377,27.638776888933332
9682719277,84.3656884980954
7202350019,207.89215718461458
553421607,29.571425556866878
4861334927,63.254221529267475
8726739082,81.96556196332429
6381002184,22.404741408303913
414619758,123.04723850236921
6669811749,22.947257625384687
3711176465,67.12254428331664
2646500149,45.06655290603118
4592120122,60.91276660726533
2818811738,9.366812504916041
4278310231,14.746389383196862
5263038155,159.7810162247012
7280648506,29.922343239207436
1680166244,49.88194656858759
1912339351,15.138285117758542
1539335212,34.6224829067448
9710931846,34.786140071671156
8706417311,24.556196047739093
6993293846,47.56324378113841
9659601040,81.5829631852875
8765609167,26.43137502045107
659095142,0
5225587368,55.49265473355417
6868848986,11.645506848591173
9832109910,118.50366918087259
3130958508,10.54018877822206
6454024712,60.53449162087021
3839749856,273.66327465652523
9039866307,51.08154959868267
1226991884,76.0709112802832
7763865691,54.99535087569538
1400214553,89.09545201643051
1786723604,25.740492449763835
1669564448,23.242290165449802
191775871,52.97943263618744
3267631902,26.675267001517227
6525273998,29.099256011415733
881213664,0
8036807665,25.45266667296972
1586189387,249.22409729079152
1114480098,9.384493570203453
679491320,20.830768643134558
8941741433,64.50656217517601
1941656998,68.92357526508057
9147070482,22.774344723308246
6121985264,0
5852147962,29.619530681167227
2825019634,89.35765117218315
6796629748,28.985413307212088
1375942334,25.22736507296249
5925316544,20.453772029048245
8907065784,65.13273272410096
9623871664,17.020005702837615
5407055731,21.933672730292844
7060858256,14.80656967845698
2798062530,70.19598298661236
4377983790,26.0922751097279
1270024221,233.49196977159673
291481883,66.77237679776492
4041217953,32.09993661881856
8915388615,18.732090771296612
8060455466,27.55680326598305
8622844752,28.681747642231915
7241989604,11.485841691561854
5061635441,9.706787950727616
5639335605,32.18870100452382
6390883335,30.21390787521024
7174510692,236.8163802656856
6046085305,39.668274584081644
4162235600,9.553370046764762
4161437260,105.44943629827256
6866156733,55.70039036314685
5604250087,11.79618062466245
5148199056,41.09548689267255
192262082,43.48702913132295
376980522,78.32414573539774
1715956685,48.931062021204156
5836986512,85.39312072927987
2150162681,43.06901250853259
6210048693,30.403053417943106
5552408336,51.0505028502588
3634949839,74.43152090356077
2412818292,24.714882873549875
2723211177,30.138003696664512
5797984970,37.31547780937233
473673985,70.89128854248362
3068811011,40.61446791978767
6143047636,211.671174208568
6277516368,62.553485073349265
9330385242,9.764913544203782
3724757530,98.14609781642672
1428297713,34.8191540484007
2722950071,234.7028399515498
6867363192,70.68192315176583
6125666562,68.7772958648514
8637405565,29.16391218038326
524829119,9.392592970402184
7219740496,41.85364023412785
3926899906,12.0764224864779
6037885005,31.910414152082836
6238145287,87.39039861685039
202678225,25.59332231388032
7463911197,86.8519443089419
7323964227,48.707199990387835
8959065815,99.66859118083094
5862269703,87.45643600759537
643736386,0
954353348,36.79691250951022
8817659322,82.10670055001644
4568087324,37.919692378629634
1693882886,85.6207204915179
9115739087,41.25977775564655
8414068218,57.680941468498496
9228564825,143.97424862556727
7692900468,82.5190102946688
2178902843,71.85195646756925
5075570906,23.43534509717579
8453424062,19.742533994962145
9098569909,40.94197460213447
7530971123,14.240721362757743
5405704194,13.38488182236507
7679459712,88.47918631500488
1993306023,42.697413821953695
7688327804,22.937141353237507
1557225683,17.179273383115017
3933062509,71.59423788386057
9276444218,91.93372456103647
5843804723,73.69751699645587
3364493195,19.457227478453884
2639708939,8.562886666775038
6366506640,76.04551952635885
7322619832,80.28078753209712
1237942942,57.897376411630134
4229679461,19.322396119262542
6936495301,35.618204171301784
5073973188,55.44080094177669
5052851092,70.4293600057394
7405596596,9.860525430598312
5667330247,71.97254551445837
4018491307,93.54768875407619
4759389479,74.54679070635704
7792551430,196.12065675075024
3182394730,24.690414803348638
6023061555,116.77460121487216
3873312533,11.44536580845668
7794706933,202.77042323247866
1459471219,83.20685599483096
9174821383,22.42716948159309
2504468628,235.80085856882368
7278369017,83.83586242934086
8975195176,133.88541636640198
6339984155,12.143278355742915
4639331761,72.65026190628309
4622785439,43.35888586981548
5155078347,7.708196899618679
9493771776,28.79007205721544
7952686225,61.84713896936292
211998320,30.56482146141183
4693645077,130.8173402093965
9355783655,36.59185598969092
389001695,35.082569921245316
8343654196,83.76211162165414
7886368228,38.48556903541368
4271051589,38.22856247021685
6638924750,61.699374497430156
8106241320,15.724247684560142
9512945020,67.66148365593655
2009514949,37.008951430499536
7935628763,45.57537608375878
1964816114,64.24529848506366
2352547630,26.682034323770278
4463180666,57.434359777286296
979307785,26.722400177228092
1532865248,27.560330069200123
5645054629,32.35538666623367
7960583541,212.76376551719468
2269522921,84.6201341130504
4066646712,31.041339428424777
8883197934,25.036911114333257
595226388,233.29993855487447
5996268140,47.85546300737482
3357014474,86.19214433371614
8650526572,62.900806658589374
5794185831,46.872223640077436
9002886905,42.06614873333225
6406197669,51.46885564286063
1298724583,78.29017464216611
7860431322,64.26284102547092
2276299652,65.1519497588399
8837163866,40.254736401494206
1688017949,36.73340316375776
9471481826,53.723835581629295
2159758363,18.3797074749195
112219176,20.733323209526453
8374943598,4.259292995588865
5065570315,26.01546522699057
2236753216,34.80345194046502
9546675349,20.933309748815013
161600871,73.46717224768237
737249243,241.18160510736152
7753858497,16.102641571575653
8850513728,39.59679146881059
3110695984,68.54310237888494
9546989936,1.2712033760165315
3297616441,95.4305608868385
5803763430,79.22931229466981
7644391915,99.79957998364155
7038608104,78.01016494367167
5301415998,193.36013691611828
6613330456,29.068370480304477
3729100828,34.76424931194285
6346093184,41.49711725076992
2304415513,20.52455260728601
190339989,102.49777896295764
8985136852,81.82840566020847
8837395294,67.56300088063854
9484475291,22.02937196716696
5559140325,36.326628215371635
2289705214,26.81675678345095
2295296148,54.874991409026265
9150200830,34.31747364393266
4076078908,0
3267340160,42.94033241628217
1707141146,41.32843010391662
391175647,2.830993603399399
9390185075,46.553122432939944
8519903723,42.55109138060921
6001454143,84.65765570368066
2942353700,66.5058219526866
9115725056,22.007999176614934
6081999042,18.97798882971709
2850144296,13.828626247049943
544323196,35.358114857059284
3604241289,81.83026469648782
2030269170,91.61237694076115
880468735,25.711166292789876
2859716386,24.335142501006693
8598727100,52.651420958364234
941341896,34.19466142983337
5108695148,53.145790603390466
8186112983,75.92687786245902
4713912845,248.8090923906139
4819586845,0
2039409835,69.87623669993687
3537055800,73.9182464455552
4555940194,64.89646160630807
2469146785,64.67129029379443
7159277458,10.24861789698279
6383158350,49.65334568372768
4846981852,23.147694313602962
2009749284,55.58016965340871
1293083107,6.611057629830192
8073854300,160.86286893197274
1446808146,28.625436307873215
9419923499,34.8867009804993
449698637,25.689553270824614
2697059275,12.813874231875275
5077142768,4.090051850906367
5617550443,209.53616157365235
5121892952,0
9592629906,13.670939064203445
9787361816,20.077191866312
103571913,40.79573197045538
6084174724,155.20722483958414
4740336971,70.42195226651509
206851708,75.69966718289484
530875261,95.0790913019919
6024435908,22.079698617952104
7315044449,54.269564359002885
6312045796,222.86847681111817
733296905,53.08777100612891
7420991554,59.08727946646164
8821447515,34.46558763049429
4441201431,27.517824818886854
9332659414,82.12461296667873
9223350089,35.523431101763656
8040989319,79.57328140124841
358666094,34.13613846128982
3331273851,102.57604552020685
4927773457,77.99521393681755
8369424013,95.91353061502485
5350671352,58.303651861216416
6694610726,28.02735623258233
2896743217,74.15583085400972
9630268999,9.01707510525977
6305807027,0
3156232132,26.41017682841548
4925203138,64.95540708342723
6492509481,52.850986151970744
4447204965,188.620570822342
5780059808,28.671218592522713
7388653171,269.9764458557924
7220237175,32.279025841533034
5177424410,12.78648001063835
5716778665,21.73566265915889
303985662,4.323724232722624
5822119404,24.885130651325614
8897829278,61.38416895767337
9598433111,20.165251878553157
8598086340,41.71952123103097
5806123069,63.67626198463141
7618061989,18.764386520199377
8438571680,214.6597219163958
7233882139,3.4617690786582465
2591857813,82.74236118400671
842908467,59.392623605659395
8797384596,26.736823900161188
5378487535,215.23872868061557
7012665878,63.1184660187741
5512411970,27.205232437460072
8598117310,19.237915973577405
9074320177,10.73864251067008
9720052105,119.44735182710666
4239975308,23.789601184573943
2694648901,27.524726109551462
6847378117,24.08805084167804
3859204067,59.44085715562755
9816862530,31.071790468313544
9602903723,29.518934518882837
4738078798,21.214230483856454
1016772225,31.170042924711908
3483532566,68.27154384493375
5765610936,12.40213502952634
222642419,76.97332526676988
6586816560,83.60500143814583
2900383556,222.5210624948756
1543856413,28.782777732478692
6818977729,68.44012664446124
2308249971,71.16898423761755
9081777643,63.65939160320431
1318214395,22.610610914053478
3112142073,74.22102747197162
6506266161,40.93249532659007
5498401715,73.60142910895915
7237435316,36.79933464788941
2965466995,204.08151254596177
8713144653,19.01126892856602
2407419317,24.38302149750986
3883949966,31.81106705316468
8894886472,3.7024910830396123
7054876364,20.80071444186784
742887090,26.53854881366472
6440096115,23.114703756936624
9237406526,27.165705146566246
8452939591,23.263142716890957
2523892517,24.194043222750608
9076702921,19.31442539273172
1989898003,0
2275105970,199.26978189149523
1701999543,58.108981547822765
6707709767,78.51076280756124
2413449020,2.6451606820884743
1230300849,103.14097462600365
1237730951,54.58671309980702
8513506137,35.195995140055096
5627394283,79.7234428503928
407431236,160.3495240463805
9088483877,193.2735659462248
6925579751,89.29698755338015
5735184927,238.808567631679
1432302356,86.34654876967653
721002858,73.77358025548885
2619339510,31.915782602368765
5702091015,26.038931548188707
9671769153,17.527459380148834
2890521929,78.76277300046301
9517910016,99.09209608226534
5738091194,10.856085620741977
7560891649,3.4432564152542398
115520021,59.64620979829807
5317716957,105.25545362841699
5383913954,23.472019188866224
3640660060,21.812248695948607
6163742916,89.90904208608286
685470429,73.87838466909436
7129977698,8.466850772586108
496380116,0
3407635167,34.22249222159952
1052094983,34.3487656806953
1260367413,33.89544815007801
7902981019,56.374140554135764
3674727186,47.779172985080315
5080514719,25.503732059346987
7779839989,38.99521580830151
7095142963,224.9630772540242
1227497713,9.753892274400062
3900274544,41.22685174942845
1386564955,34.40956875273176
4931840609,85.283268137100393
565375326,88.09119415044444
1041635265,56.468677457142924
6817975090,25.833488514430975
8726756390,33.78990908764699
4982662447,6.1685647440236036
6152476594,25.27149876309506
3291068149,172.08017962374538
9210054457,212.84098091980988
7233940516,37.60864090798033
2732991813,63.86383213493848
5725241550,28.035139109466133
2650099755,9.124483061302339
9639790356,22.118243386430557
821709954,73.2832377919012
6242798466,31.804939281888142
5291931791,13.82955636818564
8140281470,9.520737294009017
5840455595,243.31756651386956
7483082931,25.430993361540047
5659502687,35.63842480239228
8208172237,25.62179812658376
2024595376,19.16204412514659
5495033702,20.394669047279102
6624652628,25.02893716349845
8418579093,225.7197121292614
660978498,68.12129693892962
6849632130,247.69445969038784
8846334149,57.62958604871405
2642901654,29.33530819461533
6157696420,26.60883401513954
7571913163,205.84267807588893
8438007570,26.055770079031266
6315855101,26.860683678308565
6617302060,78.43808660501303
1064240826,89.9218665736687
9755853053,30.601192564120055
5048629464,239.61879811524685
4707395866,87.43916670316383
7806352350,13.608692333553591
281959413,26.887244329268828
8129843454,87.9438543987554
1362483844,38.474731157033546
4933721826,31.338647944996136
1945326511,16.75641843617872
6168745751,39.42569819024672
4668922062,62.34386980719011
5229948407,46.908422786839445
2240356621,34.384656367043526
612370376,22.633434971465302
2506197569,58.50390604228474
1143463722,25.10514982325989
7238811665,26.29018662694243
5674308164,211.0418908703111
7460785328,88.15819641679698
7305669745,206.00061903956075
2395847008,101.4709830433917
6115721006,28.286935568797976
9322278466,65.28214066288187
1884550970,65.91930248445821
5786324397,50.44282517763311
3250949741,91.80999091104933
5581474586,18.49753516383896
9869014859,88.92736518575701
5345010409,51.18195004092965
8880530447,41.35892887215253
7558811201,0
4618860067,30.462490885954267
3715332217,125.39704054458568
354059257,25.06268729987595
4868690246,41.30683455525295
9058821514,26.52413077626333
8614607468,0
1150902356,60.73424840436928
5555150782,25.69356314264664
1010045640,15.283983850967221
3604074611,31.040648047976084
2590796267,68.31812806963386
3357999492,258.2302498574864
1979581971,157.03154804944833
9819502873,23.53935644794867
1652342390,87.86302615495408
1262532739,32.75718232490079
6658417969,18.4781174625243
3479368887,26.23586426959007
3516076571,13.257383329231017
7457109820,36.1313629183194
9123198081,10.496693382757188
4838209863,19.478317894739156
1993659014,70.62120024311271
3879476890,74.77889495801124
6888776755,181.91321926671299
6809211887,11.631130192380276
6511806721,26.124965967543044
6759230251,77.95998581299625
4728688151,44.3527943701275
5521994098,69.30412739532436
9731320645,76.11092611596592
303610592,24.669479912895987
1598297898,46.828467038662076
8347110991,23.53907593525571
2883740577,89.86970671726814
3081592153,22.478466814807984
4776180325,27.83431323218858
3397648096,54.80702448223654
2053748420,20.214406035699948
7666404837,17.294500882479714
1557587880,74.96707093660397
6976523050,10.535702468078195
7804600207,35.96384197124038
4622276852,83.64563977905975
5403301846,42.546471527591194
5906283681,10.813458427225328
7904140238,13.585249622570034
2212866281,19.15297430856366
8502043698,63.787635878065416
9264781428,80.4760874317818
8533124530,28.584114733051685
7280717747,58.847308180230954
7315886926,0
1241153820,20.55176917422971
4861131200,28.572276636400616
8765933407,74.37850448257812
1284620720,51.572702013246754
2528343595,67.0415904221786
9055305872,36.26698983293891
5619380315,19.516499412601515
7139592460,31.82265669494752
9721627078,0.32326100858100837
1625575344,19.407039922171922
4899064285,120.80559825065373
2123231554,30.5385102936845
7357135307,17.661206744289004
1667352749,111.82640082246755
2091698511,27.361887454693075
183864730,24.80619554611686
8740305786,72.76490007927974
9252684214,14.56152819045975
4392528806,0
4565754001,71.45153520238172
4934666150,101.9083161946725
1299013300,262.7940680597624
2839161429,17.536533726124127
7983815048,83.22773122529217
766084124,46.31362861670928
2326036548,254.0778852809645
3447948098,34.57008235486478
709827519,59.25179384537579
3150006932,90.92031034165028
1078242265,18.62294490801396
2296491650,28.32281914212392
9897233586,87.5871675552526
7433764434,20.040586535607765
7504723479,45.86661574012146
3952465340,32.64794250256084
4434483293,22.899705384535988
217885556,128.4822169647597
4273701229,60.98799484527668
3634862413,35.47268430552073
6530138244,19.395932825356482
8745684882,23.952550593052848
7151083131,67.94910554852324
7797393029,5.44179948347923
8684396927,75.57769199681371
5592779079,16.699043860814953
5410094041,27.86507124297635
1227543275,47.04055727220641
6811155882,124.59579240114117
8259020290,53.99352390154253
9848040747,23.370856850048156
8139295727,76.45892836603767
6282292476,100.22503210099065
3815524437,18.127263375201572
8392236624,51.140228869259396
4572196087,25.691227846097913
2909802911,16.655262356262188
2138031477,28.650147893457078
1598769088,27.335526659797882
6631675774,8.068806771334025
7592805373,24.53997061560834
9493606173,164.217509625822
2479553165,89.61362100699833
751544203,55.91392468751981
2423873206,95.01477186553534
3194496690,11.906421406490985
8351489734,37.50246856848611
9387171719,47.34747505961323
4236934810,165.3449384553265
4570033534,25.005037778674836
1883403590,239.50353160366012
8661720145,101.53591625348072
5690161856,9.776170322350186
7167134612,15.002149993318318
9163914527,38.51941345378671
8757987770,21.281512324198935
9402789060,15.193763164001059
7508421379,162.8920750023445
4179475531,10.704915079058217
7686024817,19.338967190742956
2462829218,65.54943633829126
9371758505,72.97225131807227
8458048002,22.055152784548543
6854340624,81.76641070907678
6161403287,75.21008376591949
4646449401,75.19243813912938
339127218,59.87155802015746
5086823028,44.55708033044778
2580275324,18.29334091420457
2950308943,31.601429074864374
8035314962,31.372022306865237
5332310981,61.684413662910586
2051782852,63.84236200984703
2517018601,0
5501827314,236.4958540874797
3613716233,241.97997265264175
146574557,9.362873837918833
1952783592,26.66098615670873
4994979721,63.25903505773027
5153584838,174.01839178430146
8931728204,28.78418795012783
7583071480,95.21460648756339
3345518736,187.83720958545572
4751809716,106.02690911337888
7409365839,245.4756144149231
5399219296,25.17590093352796
5822859499,22.601937801696753
3021511875,44.17363540610912
2332515042,94.91295434863719
7484223525,60.08361578713103
1619680923,25.27653114021092
6313909264,0
7375814368,76.4826564837513
6427835412,73.72909526128457
7653545626,32.42471295091217
2726285519,27.096966743632983
803429328,6.8541915765960155
9070349296,31.222989639101026
187155734,29.43057106694389
5824420977,228.30033777671977
1236657098,226.56812848966774
9738026555,21.738734830553838
5581170398,65.90641192304446
1635709477,54.658624308184876
3596427292,66.85941108630882
7809086783,19.888612648739333
7755800638,3.5272582705171125
7244433347,54.422231789906135
2611811761,81.38366984963324
9753658530,11.944986793497671
558897178,29.1178347145741
5760751522,60.7845937571907
3163395956,67.23054319711666
5023971352,39.45457460092997
7039905740,16.63125189877089
2626977582,14.335801708170315
4649646347,37.58494249559974
6689387316,21.714223742125895
502767958,102.42526963263242
7086569786,16.092869647098993
602878211,44.304631417154376
4196615563,35.701278560145006
4522295305,205.7861919783903
6811527429,31.972456209010943
8457645832,17.373379785674523
6448419110,66.19595592108907
7363109950,143.72610484016076
4058086215,40.33428552474898
412040044,20.556763570393457
759344525,219.3360018919314
5186103227,43.03731355719438
6113622516,12.662455234816278
7104624389,27.71129684071842
1939809957,41.81108553556477
2879801406,21.86396374807721
2944385670,97.20675748033808
6389238662,47.74656152246851
6668090276,33.60143761632456
7889226243,44.004139177833636
1267820390,17.040657228944262
4341907356,15.114431833737353
4068479361,67.76289502174942
7343910634,21.72807590081325
5682768679,28.615234034691767
7828243218,20.724472215597217
802500970,240.7946569183397
9169432483,107.26312795088954
3701988414,31.38133767284576
685423999,53.050940934837264
8696420022,79.1080847316008
1786336311,20.668953185344613
8654649054,0
7473796637,10.644697065071579
3633505781,257.89006637372114
6108776798,58.98622332992645
3172018168,31.599269663039685
4198078065,137.14533653856202
1329732198,44.04665044382215
4830839777,35.60640019035801
6442305233,164.81428100193938
7976516172,23.435195825177487
9529660288,24.64336118236563
8486850869,123.96780907575446
1917890235,33.901462765298064
3939075430,55.65952911026204
5947705284,67.0264672943216
2859917507,246.44675290121273
709157045,204.46828021897565
374153059,21.57648178668401
8588706898,35.722656533503404
7090245250,252.6984516317921
7136878272,77.9274500034809
647018568,25.24625100379717
7940384416,67.87820049981268
9588058033,33.38941191092973
9180943735,187.00648701115546
3156916197,76.09682483601998
7615875895,32.015264133908374
8159395022,28.938484772575695
6465348516,61.993815819875884
4010478792,39.390133930223314
1012009030,251.58547732602113
5221544493,52.21166050295918
3541087201,21.88936454795593
5673676355,22.15575838568728
1680254608,32.57637885557541
3136124958,39.59750162737462
8760258152,28.101363363774766
4430650740,91.71835977967817
9135290031,151.16656890530177
4180974969,241.71092101577474
5675075022,32.17104235475248
8459375384,99.15284753848208
6463388642,52.61895680336281
4326453690,17.380179322901338
6000909327,151.55846925803903
760376904,241.10188394712
5230554662,22.567531784855603
1164029097,30.246390399710002
3850002069,204.35468122365086
5998600510,184.9036744306082
5903866442,244.61006467115527
3054873082,56.04107153393524
6384946782,25.842987633804636
5477711973,12.650547394448328
7197564953,76.53282009080223
7533272710,9.492724962375632
3578591638,54.13600008813133
3352778530,30.326504567374037
5706046907,87.07479500531387
6885778326,65.31306746892422
8811961709,20.457544871432056
4806508956,74.48190907299221
3301578701,53.8027084909119
4065227771,40.72307473729056
8895938767,15.775024667707246
4493331364,31.084963417330567
229246925,24.383354125788777
8074781459,9.494206887476851
4107676858,19.075517291639674
495856123,160.7307273480892
6628402892,95.24352203526931
5346777788,52.19502614955792
2173527238,26.37585285456761
4055161435,30.47229358429648
4914216717,237.48408214317152
3683718008,239.92489002843297
1792554115,12.905529050061546
984995207,13.514206124311004
1345552359,16.406468976393295
9697240123,77.1270006288943
108441720,17.56005822702428
9566009449,119.13114511277657
1955180502,41.562518177096
7521700632,22.424017134643975
4259925395,41.79818806124911
9401672003,76.84867339560225
371037324,23.903942217935665
2543169443,104.48159380582268
2354903459,27.86400856652095
834537114,36.72242195868985
4809091857,48.385418351947074
3118591343,56.41743278556648
6043468525,50.63835794824516
112109826,30.359067146156146
5692983991,69.77824373058444
8349488405,44.028209001674995
7334082919,70.43860126330183
3876834462,35.39364295508353
360014180,62.377422245146185
8013814371,14.440819772135255
4318148092,42.77792893604496
1332560999,48.79715434903445
4915094105,30.932058143132593
9614825630,30.209116910108424
2755446299,140.1674543411287
1829741985,19.88648721904898
5946790973,33.818751718432516
1945765838,260.20557470744683
8049744349,12.569047150354612
424712137,64.13008098644795
2914507588,79.26082541823759
1513658093,24.68050951378016
5366774411,15.518523506215892
1280943620,28.954872733535293
7509321041,24.507144625054213
1887649061,23.96367325382964
1871209855,12.582303716724255
9010903821,96.2170290564213
7819477733,101.30277102832574
1296620722,18.726974522343625
2938557226,67.02175586932441
5326451340,23.273178717277162
2866662829,16.253865372662663
1479364564,26.1147545890931
9825002885,47.18287621461052
4961432406,0
275099783,34.41146891837419
9668669175,207.33289998442788
4662624677,13.904764773723299
7914410270,42.78321897247962
8052089032,15.599984438749718
2305405795,69.16427544115582
2875735709,54.03062913972816
5505270917,85.30531442117235
9740295273,25.042190726567334
4377553952,43.63600744646538
990073406,41.41064896347856
1671956474,23.38977264700058
379851617,10.16045798243172
7198340949,24.832036114299108
6168801870,22.765774005239855
5757653055,247.9510862505212
3398656149,53.673528540877655
4889707260,79.75839343493925
1160932283,54.99412796546284
7864130555,19.478709996126554
4277829692,14.223440703281362
210263013,44.842918836347934
4855532031,26.717562170151783
6152703012,2.124972308244093
3956824250,80.21866414798956
2742360201,90.996550031854
8015451985,31.154913872008258
9642399700,45.21797084454584
2496916406,45.60678502067014
7235616165,22.853344482093718
9214825337,203.12154289995314
1848062815,14.492601753337714
9885421279,18.40580038580405
9780905488,21.074857870351696
5210237193,36.96810932086677
8023820619,39.73061006618197
779816451,99.23553913366831
2375425627,30.984751185390422
5582296844,76.91011241063424
3034583206,106.02798119574737
5296992293,241.89352481606798
6870352070,39.87778292646477
8242418517,214.69467326039003
8664358696,233.40583407176211
1063105696,32.47771272343847
2571828246,30.29731492261965
3057127968,17.62203617467236
9361130490,24.312962547319508
1319434071,269.3458654947303
3603306818,38.64564466448789
349834556,20.486726266601703
2341078742,46.549053660893584
5864475388,24.037613266684897
1883357658,79.91613141181274
121826881,72.28474727359486
4890149733,30.628362700312064
1500843058,76.98632109720519
6789956590,37.42143823384941
3105259536,55.21670480602078
2104408666,19.89292763641803
5474378928,12.620357811767533
6348672378,64.26259686714633
5215407684,35.691671898514834
4753750221,28.068144099800296
7615233328,21.72235662027105
1604125971,112.66759788882986
659293700,55.49161748554542
510130349,59.411731149621545
6734703483,36.3589274916916
2331388686,33.874777268905206
2515897392,166.24552516274406
1214776364,25.172749667363362
9478131768,49.83069870733136
106781178,24.57912479837546
3390863249,68.10929331545034
3378325746,37.66562238097445
7679912427,54.78228992694417
852214371,72.55140197569159
4800643444,13.068737054944126
4305837618,64.43423424149357
1505498378,16.479846566213922
2515944662,171.38400429232726
8640174279,85.75272421978654
1504679995,65.9045998262291
1509902235,80.43599207869313
4516389208,25.87875648185855
138616762,208.00849543853258
1481111647,143.41509526717292
134106360,5.2665021304287425
9895487309,93.53153165543394
2149443653,19.37757082376142
4730573268,84.59296762561905
6157541155,81.70304837376311
1812310156,51.32772996177813
7584753645,188.8350656750573
4057548000,75.39078466483328
190788129,43.151176868566054
1946924469,10.450221536132347
9226761369,25.250379372458898
8355645871,22.28891790903927
383642649,19.374903344198657
1454312947,78.68843829221875
4920911246,26.330238381586174
9314861465,7.057801341532594
1274886861,14.252003301186047
3207446826,34.31850147095128
443221298,212.19241189705338
8695299191,30.3927508714163
2546936592,20.91855503629338
7707072247,59.1411874975664
9755388274,36.279734829450184
284907870,6.722992182246053
688146365,57.96166983137317
7676379351,87.61198788215711
4158015876,38.54044862486848
5330853103,149.67203745119576
7511593954,80.44454399777759
7369209632,1.9210537568615447
6881765748,15.76812497978502
3666718521,18.266452655192715
9711850437,14.20182898549416
4190540204,28.998931680970507
3672161629,26.999067258259615
7497690250,25.301164058197838
3628271600,85.09730150493348
3156681950,2.831395289168175
9471276120,74.87776506568633
2906764301,24.542007122292144
8094031292,25.410759540795347
2281840142,182.23650222190372
6063763257,143.8036971439936
6945299819,88.81772378056988
9294986397,81.29127112084807
5882560277,21.3031202244513
9113714066,35.21437921318745
8234095329,43.34010563381453
1820512778,2.077203368522423
8560020211,168.5801119451958
3921484224,17.658909766498837
1596604913,64.82485972352889
3209056547,0.9249098447616774
8725476682,18.899723063168032
5615118577,17.22646475295205
6467994865,131.993541090481
4434761658,63.03908024140631
